,ADD_DATE,BEVERAGES,BUILDING MATERIALS,CARRIER_OPERATION,CHEMICALS,"COAL, COKE",COMMODITIES DRY BULK,CONSTRUCTION,DBA_NAME,DOT_NUMBER,DRIVE AWAY/TOWAWAY,DRIVER_TOTAL,EMAIL_ADDRESS,FARM SUPPLIES,FAX,FRESH PRODUCE,"GARBAGE, REFUSE, TRASH",GENERAL FREIGHT,"GRAIN, FEED, HAY",HM_FLAG,HOUSEHOLD GOODS,Hazmat Cargo Tank Trailers*_OWNED,Hazmat Cargo Tank Trailers*_TERM_LEASED,Hazmat Cargo Tank Trailers*_TRIP_LEASED,Hazmat Cargo Tank Trucks_OWNED,Hazmat Cargo Tank Trucks_TERM_LEASED,Hazmat Cargo Tank Trucks_TRIP_LEASED,INTERMODAL CONTAINERS,LEGAL_NAME,LIQUIDS/GASES,LIVESTOCK,"LOGS, POLES, BEAMS, LUMBER",Limousine 1-8*_OWNED,Limousine 1-8*_TERM_LEASED,Limousine 1-8*_TRIP_LEASED,Limousine 16+_OWNED,Limousine 16+_TERM_LEASED,Limousine 16+_TRIP_LEASED,Limousine 9-15_OWNED,Limousine 9-15_TERM_LEASED,Limousine 9-15_TRIP_LEASED,"MACHINERY, LARGE OBJECTS",MAILING_CITY,MAILING_COUNTRY,MAILING_STATE,MAILING_STREET,MAILING_ZIP,MCS150_DATE,MCS150_MILEAGE,MCS150_MILEAGE_YEAR,MEAT,"METAL; SHEETS, COILS, ROLLS",MOBILE HOMES,MOTOR VEHICLES,Mini-Bus 16+_OWNED,Mini-Bus 16+_TERM_LEASED,Mini-Bus 16+_TRIP_LEASED,Motor Coach_OWNED,Motor Coach_TERM_LEASED,Motor Coach_TRIP_LEASED,NBR_POWER_UNIT,OIC_STATE,OIL FIELD EQUIPMENT,OTHER,PAPER PRODUCTS,PASSENGERS,PC_FLAG,PHY_CITY,PHY_COUNTRY,PHY_STATE,PHY_STREET,PHY_ZIP,RECENT_MILEAGE,RECENT_MILEAGE_YEAR,REFRIGERATED FOOD,SIGN INSTALLATION EQ,SNACK CAKES,STEEL/PIPE/FITTINGS/VALVES ,School Bus 1-8*_OWNED,School Bus 1-8*_TERM_LEASED,School Bus 1-8*_TRIP_LEASED,School Bus 16+_OWNED,School Bus 16+_TERM_LEASED,School Bus 16+_TRIP_LEASED,School Bus 9-15_OWNED,School Bus 9-15_TERM_LEASED,School Bus 9-15_TRIP_LEASED,Straight Trucks_OWNED,Straight Trucks_TERM_LEASED,Straight Trucks_TRIP_LEASED,TELEPHONE,Trailers*_OWNED,Trailers*_TERM_LEASED,Trailers*_TRIP_LEASED,Truck Tractors_OWNED,Truck Tractors_TERM_LEASED,Truck Tractors_TRIP_LEASED,U.S. MAIL,UTILITY,Unnamed: 0,VMT_SOURCE_ID,Van 1-8*_OWNED,Van 1-8*_TERM_LEASED,Van 1-8*_TRIP_LEASED,Van 9-15_OWNED,Van 9-15_TERM_LEASED,Van 9-15_TRIP_LEASED,WATER WELL,XBUILDING MATERIALS,XCONSTRUCTION,"XGARBAGE, REFUSE, TRASH","XLOGS, POLES, BEAMS, LUMBER","XMACHINERY, LARGE OBJECTS","XMETAL; SHEETS, COILS, ROLLS"
0,01-JUN-74,False,,A,False,False,False,,,100518,False,4,,False,(205) 956-8251,False,,False,False,N,False,0,0,0,0,0,0,False,EMPIRE PIPE AND SUPPLY COMPANY,False,False,,0,0,0,0,0,0,0,0,0,,BIRMINGHAM,US,AL,P O BOX 101149,35210-6149,25-JUL-22,700000.0,2021.0,False,,False,False,0,0,0,0,0,0,16.0,AL,False,False,False,False,N,BIRMINGHAM,US,AL,2301 ALTON RD,35210-3701,700000,2021,False,,,True,0,0,0,0,0,0,0,0,0,4,10,0,(205) 956-1010,0,4,0,0,2,0,False,False,2300,1.0,0,0,0,0,0,0,False,False,False,False,False,False,False
1,18-FEB-02,False,,C,False,False,False,,,1005180,False,6,JENNIFER@POWESSTEEL.COM,False,(602) 454-8828,False,,False,False,N,False,0,0,0,0,0,0,False,POWERS STEEL & WIRE PRODUCTS INC,False,False,,0,0,0,0,0,0,0,0,0,,PHOENIX,US,AZ,4118 E ELWOOD ST,85040,29-OCT-07,,,False,True,False,False,0,0,0,0,0,0,6.0,AZ,False,False,False,False,N,PHOENIX,US,AZ,4118 E ELWOOD ST,85040,0,0,False,,,,0,0,0,0,0,0,0,0,0,0,0,0,(602) 437-1160,28,0,0,6,0,0,False,False,2301,,0,0,0,0,0,0,False,False,False,False,False,False,False
2,18-FEB-02,False,,C,False,False,False,True,,1005181,False,1,,False,,False,,False,False,N,False,0,0,0,0,0,0,False,DONOVAH STEELE,False,False,,0,0,0,0,0,0,0,0,0,,WARNER ROBINS,US,GA,108 LUSTER COURT,31088,,0.0,,False,,False,False,0,0,0,0,0,0,1.0,GA,False,False,False,False,N,WARNER ROBINS,US,GA,108 LUSTER COURT,31088,0,0,False,,,,0,0,0,0,0,0,0,0,0,1,0,0,(478) 953-6168,0,0,0,0,0,0,False,False,2302,,0,0,0,0,0,0,False,False,False,False,False,False,False
3,18-FEB-02,False,,C,False,False,False,,,1005183,False,6,LCONE@BAYPORTVALVE.COM,False,(863) 425-0215,False,,True,False,N,False,0,0,0,0,0,0,False,BAY PORT VALVE & FITTING INC,False,False,,0,0,0,0,0,0,0,0,0,,MULBERRY,US,FL,2295 SR 37 SOUTH,33860,17-AUG-20,250000.0,2020.0,False,,False,False,0,0,0,0,0,0,6.0,FL,False,False,False,False,N,MULBERRY,US,FL,2295 SR 37 SOUTH,33860,250000,2020,False,,,,0,0,0,0,0,0,0,0,0,0,5,0,(863) 425-0023,1,0,0,0,1,0,False,False,2303,1.0,0,0,0,0,0,0,False,False,False,False,False,False,False
4,18-FEB-02,False,,C,False,False,False,,,1005185,False,8,KATIE@SMITHSOD.NET,False,(386) 755-9008,False,,False,False,N,False,0,0,0,0,0,0,False,SMITH & SON'S SOD CO INC,False,False,,0,0,0,0,0,0,0,0,0,True,LAKE BUTLER,US,FL,4661 W STATE ROAD 238,32054,28-MAR-22,112000.0,2021.0,False,,False,False,0,0,0,0,0,0,9.0,FL,False,False,False,False,N,LAKE BUTLER,US,FL,4661 W STATE ROAD 238,32054,112000,2021,False,,,,0,0,0,0,0,0,0,0,0,3,0,0,(386) 755-4328,5,0,0,5,1,0,False,False,2304,1.0,0,0,0,0,0,0,False,False,False,False,False,False,False
5,19-FEB-02,False,,C,False,False,False,,,1005188,False,2,DWAUTO@HOTMAIL.COM,False,(580) 421-9537,False,,True,False,N,False,0,0,0,0,0,0,False,PENNINGTON TRANSPORTATION INC,False,False,,0,0,0,0,0,0,0,0,0,,ADA,US,OK,9616 STATE HWY 19,74820,12-AUG-22,1.0,2021.0,False,,False,False,0,0,0,0,0,0,2.0,OK,False,False,False,False,N,ADA,US,OK,9616 STATE HWY 19,74820,1,2021,False,,,,0,0,0,0,0,0,0,0,0,0,0,0,(580) 272-3441,7,0,0,1,1,0,False,False,2305,1.0,0,0,0,0,0,0,False,False,False,False,False,False,False
6,19-FEB-02,False,,C,False,False,False,,,1005193,False,4,MAIL@WOODARDCONSTRUCTION.NET,False,(912) 285-8097,False,,False,False,N,False,0,0,0,0,0,0,False,WOODARD CONST CO INC,False,False,,0,0,0,0,0,0,0,0,0,True,WAYCROSS,US,GA,3109 MEMORIAL DRIVE,31503-0921,22-APR-21,5000.0,2021.0,False,,False,False,0,0,0,0,0,0,3.0,GA,False,False,False,False,N,WAYCROSS,US,GA,3109 MEMORIAL DRIVE,31503-0921,5000,2021,False,,,,0,0,0,0,0,0,0,0,0,2,0,0,(912) 285-8004,1,0,0,1,0,0,False,False,2306,1.0,0,0,0,0,0,0,False,False,False,False,False,False,False
7,19-FEB-02,False,,A,False,False,False,,,1005195,False,23,TOM.FREELAND@STAGELINEEXPRESS.COM,False,(616) 837-5086,False,,True,False,N,False,0,0,0,0,0,0,False,STAGELINE EXPRESS INC,False,False,,0,0,0,0,0,0,0,0,0,,COOPERSVILLE,US,MI,140 NORTH 64TH STREET,49404,06-APR-22,2623780.0,2021.0,False,,False,False,0,0,0,0,0,0,28.0,MI,False,False,False,False,N,COOPERSVILLE,US,MI,140 NORTH 64TH STREET,49404,2623780,2021,False,,,,0,0,0,0,0,0,0,0,0,0,0,0,(616) 837-8829,31,0,0,28,0,0,False,False,2307,1.0,0,0,0,0,0,0,False,False,False,False,False,False,False
8,19-FEB-02,False,,A,False,False,False,,,1005201,False,1,ROBBIEYOW@YMAIL.COM,False,,False,,False,False,N,False,0,0,0,0,0,0,False,YOW COMPANY,False,False,,0,0,0,0,0,0,0,0,0,,LAKE CORMORANT,US,MS,7919 MISTY MEADOW DR,38641,14-FEB-22,15000.0,2021.0,False,,False,False,0,0,0,0,0,0,1.0,MS,False,False,False,False,N,LAKE CORMORANT,US,MS,7919 MISTY MEADOWS DR,38641,15000,2021,False,,True,,0,0,0,0,0,0,0,0,0,1,0,0,(662) 449-0373,0,0,0,0,0,0,False,False,2308,1.0,0,0,0,0,0,0,False,False,False,False,False,False,False
9,19-FEB-02,False,True,A,False,False,False,,,1005203,False,4,ADEPASCALE@ERNESTBOCK.COM,False,(215) 677-6571,False,,False,False,N,False,0,0,0,0,0,0,False,ERNEST BOCK & SONS INC,False,False,,0,0,0,0,0,0,0,0,0,,PHILADELPHIA,US,PA,2800 SOUTHAMPTON ROAD,19154,25-FEB-22,25000.0,2021.0,False,,False,False,0,0,0,0,0,0,4.0,PA,False,False,False,False,N,PHILADELPHIA,US,PA,2800 SOUTHAMPTON ROAD,19154,25000,2021,False,,,,0,0,0,0,0,0,0,0,0,4,0,0,(215) 677-2625,0,0,0,0,0,0,False,False,2309,1.0,0,0,0,0,0,0,False,False,False,False,False,False,False
10,19-FEB-02,False,,C,False,False,False,,,1005206,False,2,JPACALA@BANDMPROVISIONS.COM,False,(610) 434-9988,False,,True,False,N,False,0,0,0,0,0,0,False,B&M PROVISIONS COMPANY,False,False,,0,0,0,0,0,0,0,0,0,,ALLENTOWN,US,PA,1040 N GRAHAM STREET,18109,15-AUG-22,15600.0,2021.0,False,,False,False,0,0,0,0,0,0,2.0,PA,False,False,False,False,N,ALLENTOWN,US,PA,1040 N GRAHAM STREET,18109,15600,2021,False,,,,0,0,0,0,0,0,0,0,0,2,0,0,(610) 434-9611,0,0,0,0,0,0,False,False,2310,1.0,0,0,0,0,0,0,False,False,False,False,False,False,False
11,19-FEB-02,False,,A,False,False,False,,WCE EQUIPMENT OF FLORIDA,1005209,False,2,WCEKEVIN@AOL.COM,False,(937) 372-8139,False,,False,False,N,False,0,0,0,0,0,0,False,CHARLES R HALE,False,False,,0,0,0,0,0,0,0,0,0,,XENIA,US,OH,103 WASHINGTON STREET,45385,20-SEP-22,4000.0,2021.0,False,,False,True,0,0,0,0,0,0,2.0,FL,False,False,False,False,N,OKEECHOBEE,US,FL,2790 HWY 70 W,34972,4000,2021,False,,,,0,0,0,0,0,0,0,0,0,1,0,0,(937) 372-9393,2,0,0,1,0,0,False,False,2311,1.0,0,0,0,0,0,0,False,False,False,False,False,False,False
12,19-FEB-02,False,,C,False,False,False,,,1005216,False,1,,False,,False,,True,False,N,False,0,0,0,0,0,0,False,IROEL A MENDEZ,False,False,,0,0,0,0,0,0,0,0,0,,MIAMI,US,FL,1042 SW 117 CT,33184,30-SEP-04,0.0,,False,,False,False,0,0,0,0,0,0,1.0,FL,False,False,False,False,N,MIAMI,US,FL,1042 SW 117 CT,33184,0,0,False,,,,0,0,0,0,0,0,0,0,0,0,0,0,(305) 227-0363,0,0,0,1,0,0,False,False,2312,,0,0,0,0,0,0,False,False,False,False,False,False,False
13,19-FEB-02,False,,A,False,False,False,,,1005217,False,4,TRAKASSASSIN@COMCAST.NET,False,(856) 728-1643,False,,True,False,N,False,0,0,0,0,0,0,False,CONAWAY RACING & TRUCKING LLC,False,False,,0,0,0,0,0,0,0,0,0,,WILLIAMSTOWN,US,NJ,311 S TUCKAHOE RD,08094,14-JUL-22,489323.0,2021.0,False,,False,False,0,0,0,0,0,0,4.0,NJ,False,False,False,False,N,WILLIAMSTOWN,US,NJ,311 S TUCKAHOE RD,08094,489323,2021,False,,,,0,0,0,0,0,0,0,0,0,0,0,0,(856) 498-1472,2,3,0,4,0,0,False,False,2313,1.0,0,0,0,0,0,0,False,False,False,False,False,False,False
14,19-FEB-02,False,,A,False,False,False,,,1005218,False,28,EBEAR@OSAGEPIPING.COM,False,(717) 985-1688,False,,False,False,N,False,0,0,0,0,0,0,False,OSAGE PIPING & FABRICATING INC,False,False,,0,0,0,0,0,0,0,0,0,,HIGHSPIRE,US,PA,85 INDUSTRIAL RD,17034,08-APR-22,3400.0,2011.0,False,True,False,False,0,0,0,0,0,0,13.0,PA,False,False,False,False,N,HIGHSPIRE,US,PA,85 INDUSTRIAL RD,17034,308000,2017,False,,,,0,0,0,0,0,0,0,0,0,12,0,0,(717) 985-1680,6,0,0,1,0,0,False,False,2314,3.0,0,0,0,0,0,0,False,False,False,False,False,False,False
15,19-FEB-02,False,,C,False,False,False,True,,1005219,False,1,NEVECHRIS754@GMAIL.COM,False,,False,,False,False,N,False,0,0,0,0,0,0,False,CHRIS NEVE TRUCKING LLC,False,False,,0,0,0,0,0,0,0,0,0,,WINTHROP,US,MN,606 N CARVER,55396-2384,18-SEP-17,40000.0,2016.0,False,,False,False,0,0,0,0,0,0,2.0,MN,False,False,False,False,N,WINTHROP,US,MN,606 N CARVER,55396-2384,0,0,False,,,,0,0,0,0,0,0,0,0,0,2,0,0,(612) 483-9442,0,0,0,0,0,0,False,False,2315,,0,0,0,0,0,0,False,False,False,False,False,False,False
16,19-FEB-02,False,,C,False,False,False,,,1005220,False,1,QUM13@A-T-S-B12,False,,False,,True,False,N,False,0,0,0,0,0,0,False,K EXPRESS LLC,False,False,,0,0,0,0,0,0,0,0,0,,GARFIELD,US,NJ,73 SPRING ST,07026,23-JUL-14,1.0,2014.0,False,,False,False,0,0,0,0,0,0,1.0,NJ,False,False,False,False,N,GARFIELD,US,NJ,73 SPRING ST,07026,0,0,False,,,,0,0,0,0,0,0,0,0,0,0,0,0,(973) 772-8978,0,0,0,1,0,0,False,False,2316,,0,0,0,0,0,0,False,False,False,False,False,False,False
17,19-FEB-02,False,True,C,False,False,False,,,1005224,False,1,,False,,False,,False,False,N,False,0,0,0,0,0,0,False,GORDON ANDREN,False,False,,0,0,0,0,0,0,0,0,0,,AMERY,US,WI,1522 90TH AVENUE,54001,10-APR-06,8700.0,2000.0,False,,False,False,0,0,0,0,0,0,1.0,WI,False,False,False,False,N,AMERY,US,WI,1522 90TH AVENUE,54001,0,0,False,,,,0,0,0,0,0,0,0,0,0,1,0,0,(715) 268-2515,0,0,0,0,0,0,False,False,2317,,0,0,0,0,0,0,False,False,False,False,False,False,False
18,19-FEB-02,False,,A,False,False,False,,J D M TRUCKING,1005227,False,1,SHEILAMELTON@HOTMAIL.COM,False,,False,,True,False,N,False,0,0,0,0,0,0,False,JAMES D MELTON,False,False,,0,0,0,0,0,0,0,0,0,,WOODBURY,US,TN,835 CENTERHILL RD,37190,02-DEC-20,200000.0,2019.0,False,,False,False,0,0,0,0,0,0,1.0,TN,False,False,False,False,N,WOODBURY,US,TN,835 CENTERHILL RD,37190,0,0,False,,,,0,0,0,0,0,0,0,0,0,0,0,0,(931) 675-1931,2,0,0,1,0,0,False,False,2318,,0,0,0,0,0,0,False,False,False,False,False,False,False
19,19-FEB-02,False,,C,False,False,False,,LANG & SONS LOGGING,1005228,False,1,UPCHUCKDL@GMAIL.COM,False,,False,,False,False,N,False,0,0,0,0,0,0,False,CHARLES D LANG,False,False,True,0,0,0,0,0,0,0,0,0,,WEST PARIS,US,ME,172 BETHEL RD,04289,01-SEP-22,2012.0,2021.0,False,,False,False,0,0,0,0,0,0,1.0,ME,False,False,False,False,N,WEST PARIS,US,ME,172 BETHEL RD,04289,2012,2021,False,,,,0,0,0,0,0,0,0,0,0,1,0,0,(207) 890-5475,0,0,0,0,0,0,False,False,2319,1.0,0,0,0,0,0,0,False,False,False,False,False,False,False
20,19-FEB-02,False,,C,False,False,False,True,,1005232,False,1,BUSSEEXCAVATING@YAHOO.COM,False,,False,,False,False,N,False,0,0,0,0,0,0,False,BUSSES EXCAVATING,False,False,,0,0,0,0,0,0,0,0,0,,WAYNETOWN,US,IN,9865 W 700 N,47990,02-FEB-21,40000.0,2020.0,False,,False,False,0,0,0,0,0,0,1.0,IN,False,False,False,False,N,WAYNETOWN,US,IN,9865 W 700 N,47990,40000,2020,False,,,,0,0,0,0,0,0,0,0,0,0,0,0,(765) 366-6084,1,0,0,1,0,0,False,False,2320,1.0,0,0,0,0,0,0,False,False,False,False,False,False,False
21,19-FEB-02,False,,C,False,False,False,,,1005235,False,1,JWOODY@ARCFAB.COM,False,(918) 331-0626,False,,True,False,N,False,0,0,0,0,0,0,False,ARCHITECTURAL FABRICATORS CO INC,False,False,,0,0,0,0,0,0,0,0,0,,BARTLESVILLE,US,OK,1034 NE WASHINGTON BLVD,74006,10-MAY-21,1.0,2020.0,False,,False,False,0,0,0,0,0,0,1.0,OK,False,False,False,False,N,BARTLESVILLE,US,OK,1034 NE WASHINGTON BLVD,74006,1,2020,False,,,,0,0,0,0,0,0,0,0,0,0,0,0,(918) 331-0393,3,0,0,1,0,0,False,False,2321,1.0,0,0,0,0,0,0,False,False,False,False,False,False,False
22,19-FEB-02,False,,A,False,False,False,,,1005237,False,1,JESSICA@PAC-COAST.COM,False,(619) 710-0106,False,,True,False,N,False,0,0,0,0,0,0,False,PACIFIC COAST TRANSPORTATION LLC,False,False,,0,0,0,0,0,0,0,0,0,,SAN DIEGO,US,CA,1437 LA MEDIA RD,92154-7812,10-OCT-22,29564.0,2022.0,False,,False,False,0,0,0,0,0,0,1.0,CA,False,False,False,False,N,SAN DIEGO,US,CA,1437 LA MEDIA RD,92154-7812,29564,2022,False,,,,0,0,0,0,0,0,0,0,0,0,0,0,(619) 710-0103,4,0,0,1,0,0,False,False,2322,1.0,0,0,0,0,0,0,False,False,False,False,False,False,False
23,19-FEB-02,False,True,A,False,False,False,,,1005239,False,1,LIMER@HTC.NET,False,,False,,False,False,N,False,0,0,0,0,0,0,False,SCOTT LIMESTALL,False,False,,0,0,0,0,0,0,0,0,0,,WATERLOO,US,IL,3204 AHNE ROAD,62298,28-SEP-21,4200.0,2018.0,False,,False,False,0,0,0,0,0,0,1.0,IL,False,False,False,False,N,WATERLOO,US,IL,3204 AHNE ROAD,62298,4200,2018,False,,,,0,0,0,0,0,0,0,0,0,0,0,0,(618) 939-4442,1,0,0,1,0,0,False,False,2323,1.0,0,0,0,0,0,0,False,False,False,False,False,False,False
24,19-FEB-02,False,,C,False,False,False,,,1005242,False,2,KBRASS@DANIELUTILITY.COM,False,(501) 687-0256,False,,False,False,N,False,0,0,0,0,0,0,False,DANIEL UTILITY CONSTRUCTION INC,False,False,,0,0,0,0,0,0,0,0,0,True,LITTLE ROCK,US,AR,9715 COLONEL GLENN ROAD,72204,17-JUN-16,1.0,2015.0,False,,False,False,0,0,0,0,0,0,10.0,AR,False,False,False,False,N,LITTLE ROCK,US,AR,9715 COLONEL GLENN ROAD,72204,0,0,False,,,,0,0,0,0,0,0,0,0,0,0,10,0,(501) 568-5511,0,0,0,0,0,0,False,False,2324,,0,0,0,0,0,0,False,False,False,False,False,False,False
25,19-FEB-02,False,,C,False,False,False,,CLEAR VIEW FARM,1005246,False,1,DAJR112@AOL.COM,False,,False,,False,False,N,False,0,0,0,0,0,0,False,DANNIE D ASHCRAFT JR,False,False,,0,0,0,0,0,0,0,0,0,,ORIENT,US,OH,14722 LONDON ROAD,43146,23-MAY-06,710000.0,2003.0,False,True,False,False,0,0,0,0,0,0,1.0,OH,False,False,False,False,N,ORIENT,US,OH,14722 LONDON ROAD,43146,0,0,False,,,,0,0,0,0,0,0,0,0,0,0,0,0,(614) 877-3304,1,1,0,1,0,0,False,False,2325,,0,0,0,0,0,0,False,False,False,False,False,False,False
26,19-FEB-02,False,,C,False,False,True,,VI KUHN TRUCKING,1005248,False,1,,False,,False,,False,False,N,False,0,0,0,0,0,0,False,VIANN V KUHN,False,False,,0,0,0,0,0,0,0,0,0,,AMERY,US,WI,506 BROADWAY STREET E,54001,01-OCT-01,10000.0,2003.0,False,,False,False,0,0,0,0,0,0,1.0,WI,False,False,False,False,N,AMERY,US,WI,506 BROADWAY STREET E,54001,0,0,False,,,,0,0,0,0,0,0,0,0,0,1,0,0,(715) 268-7285,1,0,0,0,0,0,False,False,2326,,0,0,0,0,0,0,False,False,False,False,False,False,False
27,19-FEB-02,False,,C,False,False,False,,WATERMAN SANITATION,1005250,False,17,WATERMANS@AMERYTEL.NET,False,,False,,False,False,N,False,0,0,0,0,0,0,False,WATERMAN RECYCLING AND DISPOSAL LLC,False,False,,0,0,0,0,0,0,0,0,0,,AMERY,US,WI,663 85TH ST,54001,15-NOV-21,875000.0,2020.0,False,True,False,False,0,0,0,0,0,0,24.0,WI,False,False,False,False,N,AMERY,US,WI,661 85TH ST,54001,875000,2020,False,,,,0,0,0,0,0,0,0,0,0,22,0,0,(715) 268-6471,4,0,0,2,0,0,False,False,2327,1.0,0,0,0,0,0,0,False,False,False,False,False,False,False
28,19-FEB-02,False,,A,False,False,False,,EFM EXPRESS,1005252,False,1,KMFECHETE@AOL.COM,False,(610) 375-1848,False,,True,False,N,False,0,0,0,0,0,0,False,MIRCEA FECHETE,False,False,,0,0,0,0,0,0,0,0,0,,READING,US,PA,414 BELVEDERE AVE,19611,20-JUN-22,78068.0,2020.0,False,,False,False,0,0,0,0,0,0,1.0,PA,False,False,False,False,N,READING,US,PA,414 BELVEDERE AVE,19611,78068,2020,False,,,,0,0,0,0,0,0,0,0,0,0,0,0,(610) 507-8478,1,0,0,1,0,0,False,False,2328,1.0,0,0,0,0,0,0,False,False,False,False,False,False,False
29,19-FEB-02,False,,C,False,False,False,,B WAYNE COBB,1005256,False,1,,False,,False,,False,False,N,False,0,0,0,0,0,0,False,BILLY WAYNE COBB JR,False,False,True,0,0,0,0,0,0,0,0,0,,MANITOU,US,KY,100 MANITOU LOOP,42436,,0.0,,False,,False,False,0,0,0,0,0,0,1.0,KY,False,False,False,False,N,MANITOU,US,KY,100 MANITOU LOOP,42436,0,0,False,,,,0,0,0,0,0,0,0,0,0,1,0,0,(270) 249-0059,0,0,0,0,0,0,False,False,2329,,0,0,0,0,0,0,False,False,False,False,False,False,False
30,19-FEB-02,False,,C,False,False,False,,SCHULTZ EXCAVATING,1005257,False,2,SCHULTZEXCAVATING5@GMAIL.COM,False,,False,,False,False,N,False,0,0,0,0,0,0,False,DALE S SCHULTZ,False,False,,0,0,0,0,0,0,0,0,0,True,BALSAM LK,US,WI,1072 170TH AVE,54810,24-MAY-21,10000.0,2021.0,False,,False,False,0,0,0,0,0,0,2.0,WI,False,False,False,False,N,BALSAM LK,US,WI,1072 170TH AVE,54810,10000,2021,False,,,,0,0,0,0,0,0,0,0,0,2,0,0,(715) 857-6184,0,0,0,0,0,0,False,False,2330,1.0,0,0,0,0,0,0,False,False,False,False,False,False,False
31,19-FEB-02,False,,A,False,False,False,,PATTERSON AUTO,1005259,False,1,,False,(217) 439-7430,False,,False,False,N,False,0,0,0,0,0,0,False,JERRY PATTERSON,False,False,,0,0,0,0,0,0,0,0,0,,MODESTO,US,IL,104 E GRAND ST,62667,13-SEP-21,5000.0,2018.0,False,,False,True,0,0,0,0,0,0,1.0,IL,False,False,False,False,N,MODESTO,US,IL,104 E GRAND ST,62667,5000,2018,False,,,,0,0,0,0,0,0,0,0,0,1,0,0,(217) 439-7430,0,0,0,0,0,0,False,False,2331,1.0,0,0,0,0,0,0,False,False,False,False,False,False,False
32,19-FEB-02,False,,A,False,False,False,,,1005261,False,2,,False,,False,,False,False,N,False,0,0,0,0,0,0,False,STALKER TRUCKING LLC,False,False,True,0,0,0,0,0,0,0,0,0,,HILLIARDS,US,PA,104 BLAIR RD,16040,14-OCT-22,13000.0,2001.0,False,,False,False,0,0,0,0,0,0,3.0,PA,False,False,False,False,N,HILLIARDS,US,PA,104 BLAIR RD,16040,13000,2001,False,,,,0,0,0,0,0,0,0,0,0,1,0,0,(724) 791-2512,0,0,0,2,0,0,False,False,2332,1.0,0,0,0,0,0,0,False,False,False,False,False,False,False
33,19-FEB-02,False,,C,False,False,False,,,1005262,False,9,TAMMY.NTE@LAKELAND.WS,False,(866) 694-4866,False,,False,False,N,False,0,0,0,0,0,0,False,NICK'S TRUCKING & EXCAVATING LLC,False,False,True,0,0,0,0,0,0,0,0,0,,BALSAM LAKE,US,WI,106 INDIANHEAD SHORES,54810,17-FEB-22,165000.0,2021.0,False,,False,False,0,0,0,0,0,0,8.0,WI,False,False,False,False,N,BALSAM LAKE,US,WI,106 INDIANHEAD SHORES,54810,165000,2021,False,,,,0,0,0,0,0,0,0,0,0,7,0,0,(715) 825-3513,1,0,0,1,0,0,False,False,2333,1.0,0,0,0,0,0,0,False,False,False,False,False,False,False
34,19-FEB-02,False,True,A,False,False,False,,,1005263,False,4,TODD@JUSTPUSHINGDIRT.COM,False,(801) 605-0843,False,,False,False,N,False,0,0,0,0,0,0,False,JUST PUSHING DIRT INC,False,False,,0,0,0,0,0,0,0,0,0,,SALT LAKE CITY,US,UT,1338 S FOOTHILL DR #330,84108,25-OCT-21,10000.0,2021.0,False,,False,False,0,0,0,0,0,0,6.0,UT,False,False,False,False,N,SALT LAKE CITY,US,UT,1338 S FOOTHILL DR #330,84108,10000,2021,False,,,,0,0,0,0,0,0,0,0,0,2,0,0,(801) 866-0177,7,0,0,4,0,0,False,False,2334,1.0,0,0,0,0,0,0,False,False,False,False,False,False,False
35,19-FEB-02,False,,A,False,False,False,,,1005264,False,9,,False,(870) 774-8126,False,,True,False,N,False,0,0,0,0,0,0,False,H M & M TRUCKING INC,False,False,,0,0,0,0,0,0,0,0,0,,TEXARKANA,US,AR,33 GLOBE AVE,71854,14-APR-22,720780.0,2021.0,False,,False,False,0,0,0,0,0,0,7.0,AR,False,False,False,False,N,TEXARKANA,US,AR,33 GLOBE AVE,71854,720780,2021,False,,,,0,0,0,0,0,0,0,0,0,2,0,0,(870) 772-3902,15,0,0,4,1,0,False,False,2335,1.0,0,0,0,0,0,0,False,False,False,False,False,False,False
36,19-FEB-02,False,,C,False,False,True,,DAVE BEECROFT PUMP REPAIR,1005267,False,3,,False,,False,,False,False,N,False,0,0,0,0,0,0,False,DAVID A BEECROFT,False,False,,0,0,0,0,0,0,0,0,0,,FEDERIC,US,WI,109 310TH AVENUE,54837,21-SEP-01,15000.0,2000.0,False,,False,False,0,0,0,0,0,0,2.0,WI,False,False,False,False,N,FEDERIC,US,WI,109 310TH AVENUE,54837,0,0,False,,,,0,0,0,0,0,0,0,0,0,2,0,0,(715) 653-2674,2,0,0,0,0,0,False,False,2336,,0,0,0,0,0,0,False,False,False,False,False,False,False
37,19-FEB-02,False,,C,False,False,False,,CHELL WELL DRILLING,1005273,False,2,,False,,False,,False,False,N,False,0,0,0,0,0,0,False,RONALD CHELL,False,False,,0,0,0,0,0,0,0,0,0,,FREDERIC,US,WI,3388 STATE ROAD 35,54837,21-SEP-01,5000.0,2000.0,False,,False,False,0,0,0,0,0,0,1.0,WI,False,False,False,False,N,FREDERIC,US,WI,3388 STATE ROAD 35,54837,0,0,False,,,,0,0,0,0,0,0,0,0,0,1,0,0,(715) 327-4953,0,0,0,0,0,0,False,False,2337,,0,0,0,0,0,0,True,False,False,False,False,False,False
38,19-FEB-02,False,,C,False,False,False,,NAC,1005275,False,5,LIA_98@NU-AGECARTING.COM,False,,False,True,False,False,N,False,0,0,0,0,0,0,False,NU AGE CARTING INC,False,False,,0,0,0,0,0,0,0,0,0,,NEWARK,US,NJ,P O BOX 5417,07105,11-OCT-05,0.0,,False,,False,False,0,0,0,0,0,0,6.0,NJ,False,False,False,False,N,NEWARK,US,NJ,222 EMMET STREET,07114,0,0,False,,,,0,0,0,0,0,0,0,0,0,6,0,0,(973) 824-6666,0,0,0,0,0,0,False,False,2338,,0,0,0,0,0,0,False,False,False,False,False,False,False
39,19-FEB-02,False,,A,False,False,False,,,1005277,False,1,TENNANT_TRUCKING@YAHOO.COM,False,(605) 717-5900,False,,True,False,N,False,0,0,0,0,0,0,False,CHAD TENNANT TRUCKING LLC,False,False,,0,0,0,0,0,0,0,0,0,,SPEARFISH,US,SD,PO BOX 1304,57783,29-JUL-21,126000.0,2020.0,False,,False,False,0,0,0,0,0,0,1.0,SD,False,False,False,False,N,SPEARFISH,US,SD,5125 TURTLE LANE,57783,126000,2020,False,,,,0,0,0,0,0,0,0,0,0,0,0,0,(605) 645-5900,1,0,0,1,0,0,False,False,2339,1.0,0,0,0,0,0,0,False,False,False,False,False,False,False
40,19-FEB-02,False,,C,False,False,False,,,1005278,False,1,,False,,False,,False,False,N,False,0,0,0,0,0,0,False,LB TOWING LLC,False,False,,0,0,0,0,0,0,0,0,0,,BALTIMORE,US,MD,5411 HUTTON AVE,21207-5954,20-AUG-19,10568.0,2018.0,False,,False,True,0,0,0,0,0,0,1.0,MD,False,False,False,False,N,BALTIMORE,US,MD,5411 HUTTON AVE,21207-5954,0,0,False,,,,0,0,0,0,0,0,0,0,0,1,0,0,(443) 996-1672,0,0,0,0,0,0,False,False,2340,,0,0,0,0,0,0,False,False,False,False,False,False,False
41,19-FEB-02,False,,C,False,False,False,,GJONNES CONSTRUCTION CO,1005282,False,1,,False,(715) 327-8188,False,,False,False,N,False,0,0,0,0,0,0,False,GARY H GJONNES,False,False,,0,0,0,0,0,0,0,0,0,True,FREDERIC,US,WI,501 BIRCH STREET E,54837,18-JUN-03,10000.0,2002.0,False,,False,False,0,0,0,0,0,0,1.0,WI,False,False,False,False,N,FREDERIC,US,WI,501 BIRCH STREET E,54837,0,0,False,,,,0,0,0,0,0,0,0,0,0,0,0,0,(715) 327-8577,1,0,0,1,0,0,False,False,2341,,0,0,0,0,0,0,False,False,False,False,False,False,False
42,19-FEB-02,False,,C,False,False,False,,,1005283,False,2,ACCOUNTINGMANAGER@GENTRYMILLS.COM,False,(704) 983-5556,False,,True,False,N,False,0,0,0,0,0,0,False,GENTRY MILLS INC,False,False,,0,0,0,0,0,0,0,0,0,,ALBEMARLE,US,NC,2035 KINGSLEY DR,28001-4473,10-MAR-22,13599.0,2021.0,False,,False,False,0,0,0,0,0,0,1.0,NC,False,False,False,False,N,ALBEMARLE,US,NC,2035 KINGSLEY DR,28001-4473,13599,2021,False,,,,0,0,0,0,0,0,0,0,0,0,0,0,(704) 690-2140,1,0,0,1,0,0,False,False,2342,1.0,0,0,0,0,0,0,False,False,False,False,False,False,False
43,19-FEB-02,False,,A,False,False,False,,,1005285,False,4,G.CONTRERAS64@YAHOO.COM,False,,False,,True,False,N,False,0,0,0,0,0,0,False,M J CONTRERAS TRUCKING INC,False,False,,0,0,0,0,0,0,0,0,0,,PLANT CITY,US,FL,1106 N MERRIN ST,33563,10-FEB-21,211413.0,2020.0,False,,False,False,0,0,0,0,0,0,4.0,FL,False,False,False,False,N,PLANT CITY,US,FL,1106 N MERRIN ST,33563,0,0,False,,,,0,0,0,0,0,0,0,0,0,0,0,0,(813) 333-2461,4,0,0,4,0,0,False,False,2343,,0,0,0,0,0,0,False,False,False,False,False,False,False
44,19-FEB-02,False,,C,False,False,False,,,1005286,True,1,,False,(715) 327-4824,False,,False,False,N,False,0,0,0,0,0,0,False,MASONRY BUILDERS INC,False,False,,0,0,0,0,0,0,0,0,0,,FREDERIC,US,WI,3045 160TH STREET,54837,11-OCT-01,4000.0,2000.0,False,,False,False,0,0,0,0,0,0,2.0,WI,False,False,False,False,N,FREDERIC,US,WI,3045 160TH STREET,54837,0,0,False,,,,0,0,0,0,0,0,0,0,0,2,0,0,(715) 327-8966,0,0,0,0,0,0,False,False,2344,,0,0,0,0,0,0,False,False,False,False,False,False,False
45,19-FEB-02,False,,A,False,False,False,,,1005287,False,3,PHOFFMAN@NEWULMTEL.NET,False,,False,,False,False,N,False,0,0,0,0,0,0,False,PETE HOFFMAN TRUCKING INC,False,False,,0,0,0,0,0,0,0,0,0,True,NEW ULM,US,MN,18715 140TH AVE,56073,09-MAY-22,260000.0,2021.0,False,,False,False,0,0,0,0,0,0,4.0,MN,False,False,False,False,N,NEW ULM,US,MN,18715 140TH AVE,56073,260000,2021,False,,,,0,0,0,0,0,0,0,0,0,0,0,0,(507) 276-2984,6,0,0,4,0,0,False,False,2345,1.0,0,0,0,0,0,0,False,False,False,False,False,False,False
46,19-FEB-02,False,,C,False,False,False,,JACK GILLER LOGGING,1005295,False,1,,False,,False,,False,False,N,False,0,0,0,0,0,0,False,JACK O GILLER,False,False,True,0,0,0,0,0,0,0,0,0,,LUCK,US,WI,507 LAKE STREET NORTH,54853,31-OCT-01,17000.0,2000.0,False,,False,False,0,0,0,0,0,0,1.0,WI,False,False,False,False,N,LUCK,US,WI,507 LAKE STREET NORTH,54853,0,0,False,,,,0,0,0,0,0,0,0,0,0,1,0,0,(715) 472-2415,0,0,0,0,0,0,False,False,2346,,0,0,0,0,0,0,False,False,False,False,False,False,False
47,19-FEB-02,False,,C,False,False,False,,ORTEGA FARMS,1005304,False,2,,False,(505) 882-2863,False,,False,True,N,False,0,0,0,0,0,0,False,ROBERT ORTEGA JR,False,False,,0,0,0,0,0,0,0,0,0,,ANTHONY,US,NM,1802 W WASHINGTON STREET,88021,18-FEB-14,50000.0,2008.0,False,,False,False,0,0,0,0,0,0,1.0,NM,False,False,False,False,N,ANTHONY,US,NM,1802 W WASHINGTON STREET,88021,0,0,False,,,,0,0,0,0,0,0,0,0,0,0,0,0,(505) 882-2863,1,0,0,1,0,0,False,False,2347,,0,0,0,0,0,0,False,False,False,False,False,False,False
48,19-FEB-02,False,,C,False,False,False,,,1005305,False,5,LOVELACEPUMP@TDS.NET,False,(608) 465-1114,False,,False,False,N,False,0,0,0,0,0,0,False,LOVELACE PUMP CO INC,False,False,,0,0,0,0,0,0,0,0,0,True,ARGYLE,US,WI,9914 CTH M,53504,08-APR-22,75000.0,2021.0,False,,False,False,0,0,0,0,0,0,10.0,WI,False,False,False,False,N,ARGYLE,US,WI,9914 CTY M,53504,75000,2021,False,,,,0,0,0,0,0,0,0,0,0,10,0,0,(608) 465-3314,9,0,0,0,0,0,False,False,2348,1.0,0,0,0,0,0,0,False,False,False,False,False,False,False
49,19-FEB-02,False,,C,False,False,False,True,BARNARD TRUCKING,1005306,False,1,,False,,False,,False,False,N,False,0,0,0,0,0,0,False,TIM BARNARD & KRIS BARNARD,False,False,,0,0,0,0,0,0,0,0,0,,RILEY,US,KS,7867 ALEMBIC RD,66531,01-JAN-03,25000.0,2002.0,False,,False,False,0,0,0,0,0,0,1.0,KS,False,False,False,False,N,RILEY,US,KS,7867 ALEMBIC RD,66531,0,0,False,,,,0,0,0,0,0,0,0,0,0,1,0,0,(785) 485-2788,0,0,0,0,0,0,False,False,2349,,0,0,0,0,0,0,False,False,False,False,False,False,False
50,19-FEB-02,False,,C,False,False,False,True,,1005311,False,1,RRCI@ROCKETMAIL.COM,False,(812) 829-8862,False,,False,False,N,False,0,0,0,0,0,0,False,R R CONSTRUCTION INC,False,False,,0,0,0,0,0,0,0,0,0,,SPENCER,US,IN,2674 ROCKY TOP RD,47460,22-DEC-20,10000.0,2020.0,False,,False,False,0,0,0,0,0,0,2.0,IN,False,False,False,False,N,SPENCER,US,IN,2674 ROCKY TOP RD,47460,10000,2020,False,,,,0,0,0,0,0,0,0,0,0,2,0,0,(812) 829-4527,1,0,0,0,0,0,False,False,2350,1.0,0,0,0,0,0,0,False,False,False,False,False,False,False
51,19-FEB-02,False,,A,False,False,False,,,1005312,False,56,SAFETYNETW@AOL.COM,False,(956) 504-0333,False,,True,False,Y,False,298,0,0,0,0,0,False,LM TRANSPORTACIONES SA DE CV,False,False,,0,0,0,0,0,0,0,0,0,,BROWNSVILLE,US,TX,PO BOX 5537,78523,03-FEB-21,303035.0,2020.0,False,,False,False,0,0,0,0,0,0,35.0,TX,False,False,False,False,N,CADEREYTA,MX,NL,AUTOPISTA MONTERREY REYNOSA LOTE 1 KM 36,67450,303035,2020,False,,,,0,0,0,0,0,0,0,0,0,0,0,0,(811) 958-9590,0,0,0,35,0,0,False,False,2351,1.0,0,0,0,0,0,0,False,False,False,False,False,False,False
52,19-FEB-02,False,,C,False,False,False,,,1005317,False,1,,False,,False,,False,False,N,False,0,0,0,0,0,0,False,JIM B SCHLAFLI,False,False,,0,0,0,0,0,0,0,0,0,True,ARGYLE,US,WI,4728 APPLE BRANCH ROAD,53504,05-OCT-01,0.0,,False,,False,False,0,0,0,0,0,0,1.0,WI,False,False,False,False,N,ARGYLE,US,WI,4728 APPLE BRANCH ROAD,53504,0,0,False,,,,0,0,0,0,0,0,0,0,0,1,0,0,(608) 543-3371,0,0,0,0,0,0,False,False,2352,,0,0,0,0,0,0,False,False,False,False,False,False,False
53,19-FEB-02,False,,C,False,False,False,,,1005319,False,1,,False,,False,,False,False,N,False,0,0,0,0,0,0,False,RAYMOND H HARRIS,False,False,,0,0,0,0,0,0,0,0,0,True,BLANCHARDVILLE,US,WI,6921 COUNTY LINE ROAD,53516,19-OCT-01,0.0,,False,,False,False,0,0,0,0,0,0,2.0,WI,False,False,False,False,N,BLANCHARDVILLE,US,WI,6921 COUNTY LINE ROAD,53516,0,0,False,,,,0,0,0,0,0,0,0,0,0,1,0,0,,1,0,0,1,0,0,False,False,2353,,0,0,0,0,0,0,False,False,False,False,False,False,False
54,19-FEB-02,False,,B,True,False,False,,,1005320,False,2,,False,(706) 860-8231,False,,False,False,Y,False,0,0,0,0,0,0,False,FICKLING & ASSOCIATES CHEMICAL CO,False,False,,0,0,0,0,0,0,0,0,0,,GROVETOWN,US,GA,45 WESTBERRY CT,30813,04-FEB-02,0.0,,False,,False,False,0,0,0,0,0,0,2.0,GA,False,False,False,False,N,GROVETOWN,US,GA,45 WESTBERRY CT,30813,0,0,False,,,,0,0,0,0,0,0,0,0,0,2,0,0,(706) 651-0302,0,0,0,0,0,0,False,False,2354,,0,0,0,0,0,0,False,False,False,False,False,False,False
55,19-FEB-02,False,,A,False,False,False,,NICK GREER ANTIQUES CONSERVATOR,1005322,False,2,GREERSANT@AOL.COM,False,(540) 338-6604,False,,False,False,N,True,0,0,0,0,0,0,False,STEVEN NICK GREER,False,False,,0,0,0,0,0,0,0,0,0,,PURCELLVILLE,US,VA,37627 ALLDER SCHOOL ROAD,20132,21-MAR-22,29000.0,2021.0,False,,False,False,0,0,0,0,0,0,1.0,VA,False,False,False,False,N,PURCELLVILLE,US,VA,37627 ALLDER SCHOOL ROAD,20132,29000,2021,False,,,,0,0,0,0,0,0,0,0,0,1,0,0,(540) 338-6607,0,0,0,0,0,0,False,False,2355,1.0,0,0,0,0,0,0,False,False,False,False,False,False,False
56,19-FEB-02,False,,C,False,False,False,,,1005323,False,5,COACH2CARRIAGE@COMCAST.NET,False,(904) 268-3555,False,,False,False,N,False,0,0,0,0,0,0,False,COACH & CARRIAGE LIMOUSINES,False,False,,0,0,0,5,0,0,0,0,0,,JACKSONVILLE,US,FL,2829 WESTBERRY ROAD,32223-2665,16-AUG-04,15000.0,2001.0,False,,False,False,0,0,0,0,0,0,5.0,FL,False,False,False,True,Y,JACKSONVILLE,US,FL,2829 WESTBERRY ROAD,32223-2665,0,0,False,,,,0,0,0,0,0,0,0,0,0,0,0,0,(904) 268-3555,0,0,0,0,0,0,False,False,2356,,0,0,0,0,0,0,False,False,False,False,False,False,False
57,19-FEB-02,False,,C,False,False,False,,,1005325,False,3,,False,,False,,False,False,N,False,0,0,0,0,0,0,False,MILLENIUM LIMOUSINE,False,False,,0,0,0,0,0,0,0,0,0,,JACKSONVILLE,US,FL,4860 ROCHDALE ROAD,32208,18-FEB-02,0.0,,False,,False,False,0,0,0,0,0,0,,FL,False,False,False,True,Y,JACKSONVILLE,US,FL,4860 ROCHDALE ROAD,32208,0,0,False,,,,0,0,0,0,0,0,0,0,0,0,0,0,(904) 764-2925,0,0,0,0,0,0,False,False,2357,,0,0,0,0,0,0,False,False,False,False,False,False,False
58,19-FEB-02,False,,C,False,False,False,,,1005327,False,1,,False,(608) 523-1620,False,,False,False,N,False,0,0,0,0,0,0,False,FERRELL EXCAVATING INC,False,False,,0,0,0,0,0,0,0,0,0,True,BLANCHARDVILLE,US,WI,20786 LARSON LANE,53516,27-JUL-05,30000.0,2004.0,False,,False,False,0,0,0,0,0,0,3.0,WI,False,False,False,False,N,BLANCHARDVILLE,US,WI,20786 LARSON LANE,53516,0,0,False,,,,0,0,0,0,0,0,0,0,0,2,0,0,(608) 523-1660,2,0,0,1,0,0,False,False,2358,,0,0,0,0,0,0,False,False,False,False,False,False,False
59,19-FEB-02,False,,C,False,False,False,,,1005328,False,6,,False,(904) 292-3884,False,,False,False,N,False,0,0,0,0,0,0,False,5TH AVENUE BY NITE INC,False,False,,0,0,0,0,0,0,0,0,0,,JACKSONVILLE,US,FL,11150-1D SAN JOSE BLVD,32223,15-FEB-02,0.0,,False,,False,False,0,0,0,0,1,0,1.0,FL,False,False,False,True,Y,JACKSONVILLE,US,FL,11150-1D SAN JOSE BLVD,32223,0,0,False,,,,0,0,0,0,0,0,0,0,0,0,0,0,(904) 292-0010,0,0,0,0,0,0,False,False,2359,,0,0,0,0,0,0,False,False,False,False,False,False,False
60,19-FEB-02,False,,C,False,False,False,,,1005329,False,3,,False,(904) 221-1190,False,,False,False,N,False,0,0,0,0,0,0,False,ROYALE LIMOUSINE SERVICE,False,False,,1,0,0,0,0,0,0,0,0,,JACKSONVILLE,US,FL,2154 BRIGHTON BAY TRAIL WEST,32246,06-SEP-04,0.0,,False,,False,False,0,0,0,0,0,0,,FL,False,False,False,True,N,JACKSONVILLE,US,FL,2154 BRIGHTON BAY TRAIL WEST,32246,0,0,False,,,,0,0,0,0,0,0,0,0,0,0,0,0,(904) 612-1979,0,0,0,0,0,0,False,False,2360,,0,0,0,0,0,0,False,False,False,False,False,False,False
61,19-FEB-02,False,,A,False,False,False,,,1005330,False,185,SERVICEJURIDIQUE@ROBERT.CA,False,(450) 641-3471,False,,True,False,N,False,0,0,10,0,0,0,False,ROBERT TRANSPORT SPECIALIZED INC,False,False,,0,0,0,0,0,0,0,0,0,,BOUCHERVILLE,CA,QC,20 MARIE VICTORIN,J4B 1V5,22-DEC-21,1339560.0,2020.0,False,,False,False,0,0,0,0,0,0,164.0,VT,False,False,False,False,N,ROUGEMONT,CA,QC,500 ROUTE 112,J0L 1M0,1339560,2020,False,,,,0,0,0,0,0,0,0,0,0,2,5,0,(514) 521-1011,285,0,0,157,0,0,False,False,2361,1.0,0,0,0,0,0,0,False,False,False,False,False,False,False
62,19-FEB-02,False,,C,False,False,False,,,1005333,False,1,,False,,False,,False,False,N,False,0,0,0,0,0,0,False,LEROY W HANSEN,False,True,,0,0,0,0,0,0,0,0,0,,MINDEN,US,IA,27493 360TH ST,51553,24-AUG-15,10000.0,2015.0,False,,False,False,0,0,0,0,0,0,2.0,IA,False,False,False,False,N,MINDEN,US,IA,27493 360TH STREET,51553,0,0,False,,,,0,0,0,0,0,0,0,0,0,1,0,0,(712) 483-2143,2,0,0,1,0,0,False,False,2362,,0,0,0,0,0,0,False,False,False,False,False,False,False
63,19-FEB-02,False,,C,False,False,False,,,1005336,False,3,GUMBOFARMS@GMAIL.COM,False,(712) 527-4672,False,,False,True,N,False,0,0,0,0,0,0,False,G-J LAND INC,False,False,,0,0,0,0,0,0,0,0,0,,GLENWOOD,US,IA,61395 LEVI RD,51534,18-MAR-22,4731.0,2018.0,False,,False,False,0,0,0,0,0,0,2.0,IA,False,False,False,False,N,GLENWOOD,US,IA,61395 LEVI RD,51534,0,0,False,,,,0,0,0,0,0,0,0,0,0,0,0,0,(712) 527-9249,4,0,0,2,0,0,False,False,2363,,0,0,0,0,0,0,False,False,False,False,False,False,False
64,19-FEB-02,False,,A,False,False,False,,,1005339,False,5,DEREKM@MERIT-CONSTRUCTION.COM,False,(770) 441-9200,False,,True,False,N,False,0,0,0,0,0,0,False,MERIT CONSTRUCTION COMPANY,False,False,,0,0,0,0,0,0,0,0,0,,ATLANTA,US,GA,P O BOX 48180,30362-1180,03-SEP-21,220000.0,2021.0,False,,False,False,0,0,0,0,0,0,20.0,GA,False,False,False,False,N,ATLANTA,US,GA,2400 PLEASANTDALE ROAD,30340-1180,220000,2021,False,,,,0,0,0,0,0,0,0,0,0,20,0,0,(770) 448-4200,4,0,0,0,0,0,False,False,2364,1.0,0,0,0,0,0,0,False,False,False,False,False,False,False
65,19-FEB-02,False,,C,False,False,False,,SAN VITO TRUCKING INC,1005341,False,2,CARLOS.ARAYA@WORLDNET.ATT.NET,False,(813) 246-4773,False,True,False,False,N,False,0,0,0,0,0,0,False,CARLOS A ARAYA,False,False,,0,0,0,0,0,0,0,0,0,,TAMPA,US,FL,1804 CADILLAC CIR,33619-5108,14-FEB-02,80000.0,2000.0,False,,False,False,0,0,0,0,0,0,2.0,FL,False,False,False,False,N,TAMPA,US,FL,1804 CADILLAC CIR,33619-5108,0,0,False,,,,0,0,0,0,0,0,0,0,0,0,0,0,(813) 630-0390,2,0,0,2,0,0,False,False,2365,,0,0,0,0,0,0,False,False,False,False,False,False,False
66,19-FEB-02,False,,A,False,False,False,,,1005343,False,8,OFFICE@NAVIGATORWIRELINE.COM,False,(989) 275-9252,False,,False,False,N,False,0,0,0,0,0,0,False,NAVIGATOR WIRELINE SERVICE INC,False,False,,0,0,0,0,0,0,0,0,0,,ROSCOMMON,US,MI,PO BOX 950,48653,18-MAR-22,70160.0,2021.0,False,,False,False,0,0,0,0,0,0,10.0,MI,True,False,False,False,N,ROSCOMMON,US,MI,609 SOUTH FIFTH STREET,48653,70160,2021,False,,,,0,0,0,0,0,0,0,0,0,10,0,0,(989) 275-9112,3,0,0,0,0,0,False,False,2366,1.0,0,0,0,0,0,0,False,False,False,False,False,False,False
67,19-FEB-02,False,,A,False,False,False,,,1005345,False,4,JRUGG@TABERNACLEMINISTRIES.ORG,False,(864) 269-0677,False,,False,False,N,False,0,0,0,0,0,0,False,TABERNACLE BAPTIST CHURCH,False,False,,0,0,0,0,0,0,0,0,0,,GREENVILLE,US,SC,3931 WHITE HORSE ROAD,29611,07-JUL-22,31000.0,2019.0,False,,False,False,0,0,0,0,0,0,5.0,SC,False,False,False,True,Y,GREENVILLE,US,SC,3931 WHITE HORSE ROAD,29611,31000,2019,False,,,,0,0,0,5,0,0,0,0,0,0,0,0,(864) 269-2760,0,0,0,0,0,0,False,False,2367,1.0,0,0,0,0,0,0,False,False,False,False,False,False,False
68,19-FEB-02,False,,A,False,False,False,,,1005346,False,1,EILERSJK@GMAIL.COM,False,,False,,False,False,N,False,0,0,0,0,0,0,False,MARGAE FARMS INC,False,False,,0,0,0,0,0,0,0,0,0,True,OCHEYEDAN,US,IA,6230 180TH ST,51354,01-MAY-22,7500.0,2003.0,False,,False,False,0,0,0,0,0,0,2.0,IA,False,False,False,False,N,OCHEYEDAN,US,IA,6230 180TH ST,51354,7500,2003,False,,,,0,0,0,0,0,0,0,0,0,1,0,0,(712) 574-8467,2,0,0,1,0,0,False,False,2368,1.0,0,0,0,0,0,0,False,False,False,False,False,False,False
69,19-FEB-02,False,,C,False,False,False,,FRANKIE JAMES TRUCKING,1005348,False,1,JAMESFRANKIE8044@GMAIL.COM,False,,False,,True,False,N,False,0,0,0,0,0,0,False,FRANKIE JAMES,False,False,,0,0,0,0,0,0,0,0,0,,LITHIA SPRINGS,US,GA,770 LINDA LN,30122,03-AUG-22,100000.0,2021.0,False,,False,False,0,0,0,0,0,0,1.0,GA,False,False,False,False,N,LITHIA SPRINGS,US,GA,770 LINDA LN,30122,100000,2021,False,,,,0,0,0,0,0,0,0,0,0,1,0,0,(404) 380-8044,1,0,0,0,0,0,False,False,2369,1.0,0,0,0,0,0,0,False,False,False,False,False,False,False
70,19-FEB-02,False,,C,False,False,False,,ADVANTAGE SIGN COMPANY INC,1005352,False,2,GALEN@ADVANTAGESIGNCOMPANY.COM,False,(303) 975-1502,False,,False,False,N,False,0,0,0,0,0,0,False,ADVANTAGE ADVERTISING INC,False,False,,0,0,0,0,0,0,0,0,0,,ENGLEWOOD,US,CO,2500 S RARITAN ST,80110,22-JAN-16,15230.0,2015.0,False,,False,False,0,0,0,0,0,0,1.0,CO,False,False,False,False,N,ENGLEWOOD,US,CO,2500 S RARITAN ST,80110,0,0,False,True,,,0,0,0,0,0,0,0,0,0,1,0,0,(303) 975-1772,0,0,0,0,0,0,False,False,2370,,0,0,0,0,0,0,False,False,False,False,False,False,False
71,19-FEB-02,False,,C,False,False,False,True,BIG JAKES DIGGIN,1005354,False,1,,False,,False,,False,False,N,False,0,0,0,0,0,0,False,GERALD A RYSER,False,False,,0,0,0,0,0,0,0,0,0,,BLANCHARDVILLE,US,WI,20536 PAULSON ROAD,53516,17-OCT-01,3000.0,2000.0,False,,False,False,0,0,0,0,0,0,1.0,WI,False,False,False,False,N,BLANCHARDVILLE,US,WI,20536 PAULSON ROAD,53516,0,0,False,,,,0,0,0,0,0,0,0,0,0,1,0,0,(608) 523-1670,0,0,0,0,0,0,False,False,2371,,0,0,0,0,0,0,False,False,False,False,False,False,False
72,19-FEB-02,False,,A,False,False,False,,,1005357,False,1,JENSCO@STANTON.NET,False,,False,,False,False,N,False,0,0,0,0,0,0,False,JENS CO TRANSPORTATION LLC,False,False,,0,0,0,0,0,0,0,0,0,,STANTON,US,NE,57148 835 RD,68779,14-MAY-21,72600.0,2020.0,False,True,False,False,0,0,0,0,0,0,1.0,NE,False,False,False,False,N,STANTON,US,NE,57148 - 835 RD,68779,72600,2020,False,,,,0,0,0,0,0,0,0,0,0,0,0,0,(402) 439-2700,0,0,0,1,0,0,False,False,2372,1.0,0,0,0,0,0,0,False,False,False,False,False,False,False
73,19-FEB-02,False,,A,False,False,False,,,1005359,False,4,LOUIE@YOUSQ.NET,False,,False,,False,True,N,False,0,0,0,0,0,0,False,LOUIE REDFEARN & SON LLC,False,False,,0,0,0,0,0,0,0,0,0,,SHULLSBURG,US,WI,5736 PALFREY ROAD,53586,08-MAR-22,15000.0,2018.0,False,,False,False,0,0,0,0,0,0,6.0,WI,False,False,False,False,N,SHULLSBURG,US,WI,5736 PALFREY ROAD,53586,15000,2018,False,,,,0,0,0,0,0,0,0,0,0,3,0,0,(608) 965-3542,6,0,0,3,0,0,False,False,2373,1.0,0,0,0,0,0,0,False,False,False,False,False,False,False
74,19-FEB-02,False,,A,False,False,False,,,1005361,False,41,EFAULK@CSLEASE.COM,False,(903) 984-0850,False,,False,False,N,False,0,0,0,0,0,0,False,C & S LEASE SERVICE LC,False,False,,0,0,0,0,0,0,0,0,0,True,KILGORE,US,TX,PO BOX 1049,75663,10-JAN-22,487000.0,2017.0,False,,False,False,0,0,0,0,0,0,45.0,TX,False,False,False,False,N,KILGORE,US,TX,1873 FM 1252 E,75663,982238,2019,False,,,,0,0,0,0,0,0,0,0,0,36,0,0,(903) 988-8642,72,0,0,9,0,0,False,False,2374,3.0,0,0,0,0,0,0,False,False,False,False,False,False,False
75,19-FEB-02,False,,C,False,False,False,,RUSSELL TRUCKING,1005364,False,1,,False,,False,,False,False,N,False,0,0,0,0,0,0,False,MARVIN RUSSELL TRUCKING,False,False,True,0,0,0,0,0,0,0,0,0,,SHULLSBURG,US,WI,15245 HIGHWAY 11 EAST,53586,23-JUN-05,50000.0,2004.0,False,,False,False,0,0,0,0,0,0,1.0,WI,False,False,False,False,N,SHULLSBURG,US,WI,15245 HIGHWAY 11 EAST,53586,0,0,False,,,,0,0,0,0,0,0,0,0,0,0,0,0,(608) 922-6627,1,0,0,1,0,0,False,False,2375,,0,0,0,0,0,0,False,False,False,False,False,False,False
76,19-FEB-02,False,,A,False,False,False,,CAMELOT BUS CHARTERS & TOURS,1005365,False,18,HELEN@CAMELOTCHARTERS.COM,False,(205) 814-4001,False,,False,False,N,False,0,0,0,0,0,0,False,HTRC,False,False,,0,0,0,0,0,0,0,0,0,,PELL CITY,US,AL,PO BOX 391,35125,06-AUG-22,272276.0,2021.0,False,,False,False,0,1,0,4,6,0,11.0,AL,False,False,False,True,Y,CROPWELL,US,AL,1265 EARLIE O NEAL RD,35054,272276,2022,False,,,,0,0,0,0,0,0,0,0,0,0,0,0,(205) 525-1721,0,0,0,0,0,0,False,False,2376,3.0,0,0,0,0,0,0,False,False,False,False,False,False,False
77,19-FEB-02,False,,C,False,False,True,,,1005367,False,4,GREGSFEEDANDSEED@GMAIL.COM,False,,False,,False,False,N,False,0,0,0,0,0,0,False,GREG'S TRANSPORTATION INC,False,False,,0,0,0,0,0,0,0,0,0,,SOUTH WAYNE,US,WI,7282 COUNTY ROAD D,53587,07-SEP-22,30.0,2021.0,False,,False,False,0,0,0,0,0,0,5.0,WI,False,False,False,False,N,SOUTH WAYNE,US,WI,7282 COUNTY ROAD D,53587,30,2021,False,,,,0,0,0,0,0,0,0,0,0,5,0,0,(608) 439-5525,0,0,0,0,0,0,False,False,2377,1.0,0,0,0,0,0,0,False,False,False,False,False,False,False
78,19-FEB-02,False,,C,False,False,True,,,1005370,False,1,,False,,False,,False,False,N,False,0,0,0,0,0,0,False,RALPH L JOHNSON,False,False,,0,0,0,0,0,0,0,0,0,,SOUTH WAYNE,US,WI,6904 HWY 78 N,53587,15-OCT-01,10000.0,2000.0,False,,False,False,0,0,0,0,0,0,1.0,WI,False,False,False,False,N,SOUTH WAYNE,US,WI,6904 HWY 78 N,53587,0,0,False,,,,0,0,0,0,0,0,0,0,0,1,0,0,(608) 968-3343,1,0,0,0,0,0,False,False,2378,,0,0,0,0,0,0,False,False,False,False,False,False,False
79,19-FEB-02,False,,C,False,False,False,,,1005383,False,7,SALOMON45@AOL.COM,False,(316) 744-9822,False,,True,False,N,False,0,0,0,0,0,0,False,DE LA ROSA TRUCKING LLC,False,False,,0,0,0,0,0,0,0,0,0,,VALLEY CENTER,US,KS,10407 E 101ST NORTH,67147-8756,17-FEB-22,140000.0,2021.0,False,,False,False,0,0,0,0,0,0,7.0,KS,False,False,False,False,N,VALLEY CENTER,US,KS,10407 E 101ST NORTH,67147-8756,140000,2021,False,,,,0,0,0,0,0,0,0,0,0,0,0,0,(316) 744-9822,8,0,0,7,0,0,False,False,2379,1.0,0,0,0,0,0,0,False,False,False,False,False,False,False
80,19-FEB-02,False,,A,False,False,False,,,1005387,False,19,ADVANCEDEXPRESSINC@YAHOO.COM,False,(812) 420-3297,False,,True,False,N,False,0,0,0,0,0,0,False,ADVANCED EXPRESS INC,False,False,,0,0,0,0,0,0,0,0,0,,UNIVERSAL,US,IN,PO BOX 120,47884,29-JUN-22,1454618.0,2021.0,False,,False,False,0,0,0,0,0,0,18.0,IN,False,False,False,False,N,BRAZIL,US,IN,5970 NORTH STATE ROAD 59,47834,1454618,2021,False,,,,0,0,0,0,0,0,0,0,0,0,0,0,(812) 249-4376,13,5,0,12,6,0,False,False,2380,1.0,0,0,0,0,0,0,False,False,False,False,False,False,False
81,19-FEB-02,False,,C,False,False,True,,TANNER TRUCKING,1005400,False,1,,False,(715) 263-3284,False,,False,False,N,False,0,0,0,0,0,0,False,BRADLEY A PAULSON,False,False,,0,0,0,0,0,0,0,0,0,,CLEAR LAKE,US,WI,P O BOX 96,54005,30-SEP-02,20000.0,2000.0,False,,False,False,0,0,0,0,0,0,1.0,WI,False,False,False,False,N,CLEAR LAKE,US,WI,336 3RD AVENUE,54005,0,0,False,,,,0,0,0,0,0,0,0,0,0,1,0,0,(715) 263-2313,0,0,0,0,0,0,False,False,2381,,0,0,0,0,0,0,False,False,False,False,False,False,False
82,19-FEB-02,False,True,A,False,False,False,,,1005404,False,9,JARED@ANDRIEELECTRIC.COM,False,(715) 755-3949,False,,False,False,N,False,0,0,0,0,0,0,False,ANDRIE ELECTRIC LTD,False,False,,0,0,0,0,0,0,0,0,0,,DRESSER,US,WI,P O BOX 575,54009,10-OCT-22,60000.0,2021.0,False,,False,False,0,0,0,0,0,0,0.0,WI,False,False,False,False,N,DRESSER,US,WI,520 EAST AVENUE N,54009,60000,2021,False,,,,0,0,0,0,0,0,0,0,0,0,0,0,(715) 755-3656,3,0,0,0,0,0,False,False,2382,1.0,9,0,0,0,0,0,False,False,False,False,False,False,False
83,19-FEB-02,False,,C,False,False,False,,HOSTETLERS CUSTOM WELDING,1005405,False,1,,False,,False,,False,False,N,False,0,0,0,0,0,0,False,KENNETH HOSTETLER,False,False,,0,0,0,0,0,0,0,0,0,,SHIPSHEWANA,US,IN,7765 W 075 N,46565,19-FEB-02,0.0,,False,True,False,False,0,0,0,0,0,0,1.0,IN,False,False,False,False,N,SHIPSHEWANA,US,IN,7765 W 075 N,46565,0,0,False,,,,0,0,0,0,0,0,0,0,0,1,0,0,(260) 768-8050,0,0,0,0,0,0,False,False,2383,,0,0,0,0,0,0,False,False,False,False,False,False,False
84,19-FEB-02,False,,A,False,False,False,,,1005406,False,1,,False,,False,,True,False,N,False,0,0,0,0,0,0,False,BANGEL TRUCKING INC,False,False,,0,0,0,0,0,0,0,0,0,,INDIANAPOLIS,US,IN,5740 W RALSTON RD,46221,07-JUL-22,30325.0,2022.0,False,,False,False,0,0,0,0,0,0,1.0,IN,False,False,False,False,N,INDIANAPOLIS,US,IN,5740 W RALSTON RD,46221,30325,2022,False,,,,0,0,0,0,0,0,0,0,0,0,0,0,(317) 856-3246,1,0,0,1,0,0,False,False,2384,1.0,0,0,0,0,0,0,False,False,False,False,False,False,False
85,19-FEB-02,False,,B,False,False,False,,,1005409,False,2,,False,(715) 653-2530,False,,False,False,N,False,0,0,0,0,0,0,False,CARLSON EXCAVATING & SEPTIC INC,False,False,,0,0,0,0,0,0,0,0,0,True,FREDERIC,US,WI,3572 115TH STREET,54837,03-OCT-22,60000.0,2022.0,False,,False,False,0,0,0,0,0,0,3.0,WI,False,False,False,False,N,FREDERIC,US,WI,3572 115TH STREET,54837,60000,2022,False,,,,0,0,0,0,0,0,0,0,0,2,0,0,(715) 653-2500,3,0,0,1,0,0,False,False,2385,1.0,0,0,0,0,0,0,False,False,False,False,False,False,False
86,19-FEB-02,False,,A,False,False,False,,C & L TOWING SERVICE,1005411,False,20,ANGELO@CANDLTOWING.COM,False,(973) 227-5380,False,,False,False,N,False,0,0,0,0,0,0,False,NAPOLI TRANSPORTATION INC,False,False,,0,0,0,0,0,0,0,0,0,,EAST HANOVER,US,NJ,38 DEFOREST AVENUE,07936,02-MAR-22,469597.0,2018.0,False,True,False,False,0,0,0,0,0,0,23.0,NJ,False,False,False,False,N,EAST HANOVER,US,NJ,38 DEFOREST AVENUE,07936,469597,2018,False,,,,0,0,0,0,0,0,0,0,0,18,0,0,(973) 386-9866,10,0,0,5,0,0,False,False,2386,1.0,0,0,0,0,0,0,False,False,False,False,False,False,False
87,19-FEB-02,False,,A,False,False,False,,,1005417,False,1,,False,(704) 435-8324,False,,True,False,N,False,0,0,0,0,0,0,False,J T WILSON CONCRETE LLC,False,False,,0,0,0,0,0,0,0,0,0,,KINGS MOUNTAIN,US,NC,210 PRESS SWEEZY RD,28086,08-FEB-21,25.0,2020.0,False,,False,False,0,0,0,0,0,0,1.0,NC,False,False,False,False,N,KINGS MOUNTAIN,US,NC,210 PRESS SWEEZY RD,28086,25,2020,False,,,,0,0,0,0,0,0,0,0,0,0,0,0,(707) 734-7388,1,0,0,1,0,0,False,False,2387,1.0,0,0,0,0,0,0,False,False,False,False,False,False,False
88,19-FEB-02,False,,A,False,False,False,,,1005420,False,2,SEXTONEQUIP@PSCI.NET,False,(812) 937-7083,False,,True,False,N,False,0,0,0,0,0,0,False,SEXTON INC,False,False,,0,0,0,0,0,0,0,0,0,,SANTA CLAUS,US,IN,PO BOX 313,47579,16-AUG-22,8337.0,2022.0,False,,False,False,0,0,0,0,0,0,3.0,IN,False,False,False,False,N,DALE,US,IN,21227 N US 231,47523,8337,2022,False,,,,0,0,0,0,0,0,0,0,0,2,0,0,(812) 937-2160,3,0,0,1,0,0,False,False,2388,1.0,0,0,0,0,0,0,False,False,False,False,False,False,False
89,19-FEB-02,False,,A,False,False,False,,JOE ARNDT TRUCKING,1005422,False,1,JOEARNDTTRUCKING@YAHOO.COM,False,,False,,True,False,N,False,0,0,0,0,0,0,False,JOSEPH ROBERT ARNDT,False,False,,0,0,0,0,0,0,0,0,0,,OCONTO FALLS,US,WI,9303 VALLEY LINE RD,54154,03-JAN-22,108286.0,2021.0,False,,False,False,0,0,0,0,0,0,1.0,WI,False,False,False,False,N,OCONTO FALLS,US,WI,9303 VALLEY LINE RD,54154,108286,2021,False,,,,0,0,0,0,0,0,0,0,0,0,0,0,(920) 598-0969,1,0,0,1,0,0,False,False,2389,1.0,0,0,0,0,0,0,False,False,False,False,False,False,False
90,19-FEB-02,False,,C,False,False,False,True,,1005431,False,3,ACSUP@AMERYTEL.NET,False,(715) 268-4923,False,,False,False,N,False,0,0,0,0,0,0,False,ANDERSON CONSTRUCTION & SUPPLY INC,False,False,,0,0,0,0,0,0,0,0,0,,AMERY,US,WI,1212 65TH AVENUE,54001,22-SEP-11,10000.0,2002.0,False,,False,False,0,0,0,0,0,0,1.0,WI,False,False,False,False,N,AMERY,US,WI,1212 65TH AVENUE,54001,0,0,False,,,,0,0,0,0,0,0,0,0,0,1,0,0,(715) 268-9863,1,0,0,0,0,0,False,False,2390,,0,0,0,0,0,0,False,False,False,False,False,False,False
91,19-FEB-02,False,,A,False,False,False,,KENNARD TRUCKING,1005437,False,1,KENNARDTRUCKING@GMAIL.COM,False,,False,,True,False,N,False,0,0,0,0,0,0,False,KENNETH S PFAHL,False,False,,0,0,0,0,0,0,0,0,0,,CLIFFORD TOWNSHIP,US,PA,6373 STATE ROUTE,18421,07-JUL-21,59885.0,2020.0,False,,False,False,0,0,0,0,0,0,1.0,PA,False,False,False,False,N,CLIFFORD TOWNSHIP,US,PA,6373 STATE ROUTE,18421,59885,2020,False,,,,0,0,0,0,0,0,0,0,0,0,0,0,(570) 679-2279,1,0,0,1,0,0,False,False,2391,1.0,0,0,0,0,0,0,False,False,False,False,False,False,False
92,19-FEB-02,False,,C,False,False,False,,,1005442,False,2,,False,,False,,False,True,N,False,0,0,0,0,0,0,False,VINCENT L NICKEL,False,False,,0,0,0,0,0,0,0,0,0,,WAUPACA,US,WI,N1991 CTH A,54981,11-DEC-01,0.0,,False,,False,False,0,0,0,0,0,0,3.0,WI,False,False,False,False,N,WAUPACA,US,WI,N1991 CTH A,54981,0,0,False,,,,0,0,0,0,0,0,0,0,0,1,0,0,,2,0,0,2,0,0,False,False,2392,,0,0,0,0,0,0,False,False,False,False,False,False,False
93,19-FEB-02,False,,A,False,False,False,,,1005446,False,1,JASONJUDGE280@GMAIL.COM,False,,False,,True,False,N,False,0,0,0,0,0,0,False,J M JUDGE INC,False,False,,0,0,0,0,0,0,0,0,0,,AYER,US,MA,154 WASHINGTON STREET,01432,19-OCT-20,52000.0,2020.0,False,,False,False,0,0,0,0,0,0,1.0,MA,False,False,False,False,N,AYER,US,MA,154 WASHINGTON ST,01432,0,0,False,,,,0,0,0,0,0,0,0,0,0,0,0,0,(978) 827-8087,1,0,0,1,0,0,False,False,2393,,0,0,0,0,0,0,False,False,False,False,False,False,False
94,19-FEB-02,False,,C,False,False,False,,ASENBRENER FARMS,1005447,False,2,,False,,False,,False,True,N,False,0,0,0,0,0,0,False,EUGENE T ASENBRENER,False,False,,0,0,0,0,0,0,0,0,0,,SHAWANO,US,WI,N5896 CAMPGROUND ROAD,54166,08-NOV-01,500.0,2000.0,False,,False,False,0,0,0,0,0,0,2.0,WI,False,False,False,False,N,SHAWANO,US,WI,N5896 CAMPGROUND ROAD,54166,0,0,False,,,,0,0,0,0,0,0,0,0,0,2,0,0,(715) 787-3671,0,0,0,0,0,0,False,False,2394,,0,0,0,0,0,0,False,False,False,False,False,False,False
95,19-FEB-02,False,,C,False,False,False,,MARV GREFE FARMS,1005448,False,1,,False,(608) 254-2690,False,,False,True,N,False,0,0,0,0,0,0,False,MARVIN P GREFE,False,False,,0,0,0,0,0,0,0,0,0,,WISCONSIN DELLS,US,WI,4046 CTH B,53965,21-JAN-02,20000.0,2001.0,False,,False,False,0,0,0,0,0,0,2.0,WI,False,False,False,False,N,WISCONSIN DELLS,US,WI,4046 CTH B,53965,0,0,False,,,,0,0,0,0,0,0,0,0,0,1,0,0,(608) 254-2861,1,0,0,1,0,0,False,False,2395,,0,0,0,0,0,0,False,False,False,False,False,False,False
96,19-FEB-02,False,,C,False,False,False,,BELL HAY & GRAIN,1005449,False,3,,False,(608) 427-2058,False,,False,False,N,False,0,0,0,0,0,0,False,SAMUEL I BELL,False,True,,0,0,0,0,0,0,0,0,0,,TOMAH,US,WI,19779 JUNGLE RD,54660,08-JUL-05,20000.0,2004.0,False,,False,False,0,0,0,0,0,0,5.0,WI,False,False,False,False,N,CAMP DOUGLAS,US,WI,N6815 HWY H,54618,0,0,False,,,,0,0,0,0,0,0,0,0,0,5,0,0,(608) 427-6986,4,0,0,0,0,0,False,False,2396,,0,0,0,0,0,0,False,False,False,False,False,False,False
97,19-FEB-02,False,,C,False,False,False,,,1005450,False,1,,False,,False,,False,True,N,False,0,0,0,0,0,0,False,STEVE T FINK,False,False,,0,0,0,0,0,0,0,0,0,,DARLINGTON,US,WI,271 SUMMIT AVENUE,53530,18-JAN-02,400.0,2001.0,False,,False,False,0,0,0,0,0,0,1.0,WI,False,False,False,False,N,DARLINGTON,US,WI,271 SUMMIT AVENUE,53530,0,0,False,,,,0,0,0,0,0,0,0,0,0,1,0,0,(608) 776-3012,0,0,0,0,0,0,False,False,2397,,0,0,0,0,0,0,False,False,False,False,False,False,False
98,19-FEB-02,True,,A,False,False,False,,,1005451,False,2,SHARON@CLEARWATERSPRINGS.NET,False,(208) 772-0450,False,,False,False,N,False,0,0,0,0,0,0,False,CLEARWATER SPRINGS BOTTLED WATER INC,False,False,,0,0,0,0,0,0,0,0,0,,HAYDEN,US,ID,10356 N TARYNE,83835,30-DEC-20,95000.0,2020.0,False,,False,False,0,0,0,0,0,0,3.0,ID,False,False,False,False,N,HAYDEN,US,ID,10356 N TARYNE,83835,95000,2020,False,,,,0,0,0,0,0,0,0,0,0,3,0,0,(208) 762-2310,2,0,0,0,0,0,False,False,2398,1.0,0,0,0,0,0,0,False,False,False,False,False,False,False
99,19-FEB-02,False,,C,False,False,False,,,1005454,False,1,,False,,False,,False,True,N,False,0,0,0,0,0,0,False,KEVIN SPRANG,False,False,,0,0,0,0,0,0,0,0,0,,TWO RIVERS,US,WI,6229 GREENFIELD LANE,54241,10-JAN-02,300.0,2001.0,False,,False,False,0,0,0,0,0,0,1.0,WI,False,False,False,False,N,TWO RIVERS,US,WI,6229 GREENFIELD LANE,54241,0,0,False,,,,0,0,0,0,0,0,0,0,0,1,0,0,,0,0,0,0,0,0,False,False,2399,,0,0,0,0,0,0,False,False,False,False,False,False,False
